PASSENGER_ID,PASSENGER_NAME,PASSPORT_NUMBER,NATIONALITY,PASSENGER_TYPE
1,Passenger_1,P10001,Germany,Business
2,Passenger_2,P10002,Singapore,Economy
3,Passenger_3,P10003,Singapore,Economy
4,Passenger_4,P10004,India,VIP
5,Passenger_5,P10005,USA,Business
6,Passenger_6,P10006,UAE,Business
7,Passenger_7,P10007,UK,Economy
8,Passenger_8,P10008,USA,VIP
9,Passenger_9,P10009,Germany,VIP
10,Passenger_10,P10010,Singapore,VIP
11,Passenger_11,P10011,UAE,Economy
12,Passenger_12,P10012,India,VIP
13,Passenger_13,P10013,USA,Business
14,Passenger_14,P10014,UAE,Business
15,Passenger_15,P10015,UK,Business
16,Passenger_16,P10016,UAE,VIP
17,Passenger_17,P10017,Singapore,VIP
18,Passenger_18,P10018,India,Business
19,Passenger_19,P10019,UK,VIP
20,Passenger_20,P10020,UK,Economy
21,Passenger_21,P10021,UK,Economy
22,Passenger_22,P10022,Singapore,VIP
23,Passenger_23,P10023,UK,Business
24,Passenger_24,P10024,USA,Economy
25,Passenger_25,P10025,India,VIP
26,Passenger_26,P10026,Canada,Economy
27,Passenger_27,P10027,Canada,VIP
28,Passenger_28,P10028,India,Economy
29,Passenger_29,P10029,UK,Business
30,Passenger_30,P10030,USA,VIP
31,Passenger_31,P10031,UAE,Business
32,Passenger_32,P10032,Singapore,Business
33,Passenger_33,P10033,USA,VIP
34,Passenger_34,P10034,Germany,Economy
35,Passenger_35,P10035,India,VIP
36,Passenger_36,P10036,Canada,VIP
37,Passenger_37,P10037,UK,Economy
38,Passenger_38,P10038,USA,Business
39,Passenger_39,P10039,Germany,Economy
40,Passenger_40,P10040,UAE,Economy
41,Passenger_41,P10041,USA,VIP
42,Passenger_42,P10042,USA,VIP
43,Passenger_43,P10043,Singapore,VIP
44,Passenger_44,P10044,Germany,VIP
45,Passenger_45,P10045,UK,Economy
46,Passenger_46,P10046,Germany,Economy
47,Passenger_47,P10047,UAE,Business
48,Passenger_48,P10048,India,VIP
49,Passenger_49,P10049,USA,Business
50,Passenger_50,P10050,India,VIP
51,Passenger_51,P10051,UAE,Economy
52,Passenger_52,P10052,UK,Business
53,Passenger_53,P10053,USA,VIP
54,Passenger_54,P10054,Canada,VIP
55,Passenger_55,P10055,UK,Business
56,Passenger_56,P10056,Germany,Economy
57,Passenger_57,P10057,Canada,Business
58,Passenger_58,P10058,Germany,Economy
59,Passenger_59,P10059,UAE,Economy
60,Passenger_60,P10060,USA,VIP
61,Passenger_61,P10061,Singapore,Business
62,Passenger_62,P10062,UK,Economy
63,Passenger_63,P10063,UK,Economy
64,Passenger_64,P10064,India,Economy
65,Passenger_65,P10065,UAE,Economy
66,Passenger_66,P10066,Singapore,VIP
67,Passenger_67,P10067,Singapore,Economy
68,Passenger_68,P10068,UAE,Business
69,Passenger_69,P10069,UAE,Business
70,Passenger_70,P10070,India,Economy
71,Passenger_71,P10071,UK,VIP
72,Passenger_72,P10072,India,Business
73,Passenger_73,P10073,UK,Economy
74,Passenger_74,P10074,Canada,Business
75,Passenger_75,P10075,USA,Economy
76,Passenger_76,P10076,Singapore,VIP
77,Passenger_77,P10077,USA,Economy
78,Passenger_78,P10078,Germany,VIP
79,Passenger_79,P10079,India,Business
80,Passenger_80,P10080,UK,Economy
81,Passenger_81,P10081,Singapore,Business
82,Passenger_82,P10082,Canada,Business
83,Passenger_83,P10083,India,Business
84,Passenger_84,P10084,Singapore,Economy
85,Passenger_85,P10085,Singapore,VIP
86,Passenger_86,P10086,UK,VIP
87,Passenger_87,P10087,India,Economy
88,Passenger_88,P10088,Germany,Economy
89,Passenger_89,P10089,UAE,VIP
90,Passenger_90,P10090,India,Business
91,Passenger_91,P10091,Canada,Business
92,Passenger_92,P10092,UAE,Business
93,Passenger_93,P10093,India,Economy
94,Passenger_94,P10094,UK,VIP
95,Passenger_95,P10095,USA,VIP
96,Passenger_96,P10096,Singapore,Economy
97,Passenger_97,P10097,Canada,Economy
98,Passenger_98,P10098,India,Economy
99,Passenger_99,P10099,USA,Economy
100,Passenger_100,P10100,UK,Economy
101,Passenger_101,P10101,Singapore,Business
102,Passenger_102,P10102,India,Economy
103,Passenger_103,P10103,UAE,Business
104,Passenger_104,P10104,USA,Business
105,Passenger_105,P10105,UK,VIP
106,Passenger_106,P10106,Germany,Business
107,Passenger_107,P10107,USA,Business
108,Passenger_108,P10108,UAE,VIP
109,Passenger_109,P10109,India,Economy
110,Passenger_110,P10110,USA,Business
111,Passenger_111,P10111,Singapore,VIP
112,Passenger_112,P10112,UAE,Business
113,Passenger_113,P10113,Singapore,VIP
114,Passenger_114,P10114,UK,Economy
115,Passenger_115,P10115,India,Economy
116,Passenger_116,P10116,Germany,Economy
117,Passenger_117,P10117,Singapore,Business
118,Passenger_118,P10118,Germany,Economy
119,Passenger_119,P10119,UK,Economy
120,Passenger_120,P10120,Canada,VIP
121,Passenger_121,P10121,UAE,Business
122,Passenger_122,P10122,UAE,Economy
123,Passenger_123,P10123,UK,Business
124,Passenger_124,P10124,Canada,Economy
125,Passenger_125,P10125,UK,Economy
126,Passenger_126,P10126,Canada,Economy
127,Passenger_127,P10127,India,Economy
128,Passenger_128,P10128,USA,Economy
129,Passenger_129,P10129,Germany,VIP
130,Passenger_130,P10130,UK,Economy
131,Passenger_131,P10131,UAE,Business
132,Passenger_132,P10132,Singapore,Business
133,Passenger_133,P10133,India,VIP
134,Passenger_134,P10134,USA,Business
135,Passenger_135,P10135,Canada,Economy
136,Passenger_136,P10136,USA,VIP
137,Passenger_137,P10137,Singapore,Economy
138,Passenger_138,P10138,India,VIP
139,Passenger_139,P10139,India,Business
140,Passenger_140,P10140,India,Business
141,Passenger_141,P10141,USA,Business
142,Passenger_142,P10142,UK,Business
143,Passenger_143,P10143,India,VIP
144,Passenger_144,P10144,UAE,Economy
145,Passenger_145,P10145,Singapore,Business
146,Passenger_146,P10146,UK,VIP
147,Passenger_147,P10147,Canada,Business
148,Passenger_148,P10148,India,Economy
149,Passenger_149,P10149,UAE,Business
150,Passenger_150,P10150,USA,Economy
151,Passenger_151,P10151,UAE,VIP
152,Passenger_152,P10152,Singapore,VIP
153,Passenger_153,P10153,UK,VIP
154,Passenger_154,P10154,UK,Business
155,Passenger_155,P10155,Singapore,VIP
156,Passenger_156,P10156,UAE,VIP
157,Passenger_157,P10157,Germany,Economy
158,Passenger_158,P10158,Canada,Business
159,Passenger_159,P10159,Singapore,VIP
160,Passenger_160,P10160,India,Economy
161,Passenger_161,P10161,UK,Business
162,Passenger_162,P10162,India,Economy
163,Passenger_163,P10163,India,Business
164,Passenger_164,P10164,Canada,Business
165,Passenger_165,P10165,Germany,Business
166,Passenger_166,P10166,USA,VIP
167,Passenger_167,P10167,UAE,Business
168,Passenger_168,P10168,UAE,VIP
169,Passenger_169,P10169,Singapore,Economy
170,Passenger_170,P10170,UK,Economy
171,Passenger_171,P10171,Canada,Economy
172,Passenger_172,P10172,UK,Business
173,Passenger_173,P10173,UK,Business
174,Passenger_174,P10174,UK,Business
175,Passenger_175,P10175,UAE,Economy
176,Passenger_176,P10176,UAE,Business
177,Passenger_177,P10177,USA,Business
178,Passenger_178,P10178,Singapore,Economy
179,Passenger_179,P10179,Germany,Business
180,Passenger_180,P10180,Singapore,VIP
181,Passenger_181,P10181,Canada,Economy
182,Passenger_182,P10182,Singapore,Business
183,Passenger_183,P10183,UAE,Economy
184,Passenger_184,P10184,India,VIP
185,Passenger_185,P10185,UAE,Economy
186,Passenger_186,P10186,India,Business
187,Passenger_187,P10187,Germany,VIP
188,Passenger_188,P10188,UK,Business
189,Passenger_189,P10189,Canada,Economy
190,Passenger_190,P10190,UAE,Business
191,Passenger_191,P10191,Germany,Business
192,Passenger_192,P10192,Singapore,Business
193,Passenger_193,P10193,UK,Economy
194,Passenger_194,P10194,Canada,Economy
195,Passenger_195,P10195,India,VIP
196,Passenger_196,P10196,Singapore,Economy
197,Passenger_197,P10197,UK,VIP
198,Passenger_198,P10198,India,VIP
199,Passenger_199,P10199,India,Business
200,Passenger_200,P10200,Singapore,VIP
201,Passenger_201,P10201,Germany,Business
202,Passenger_202,P10202,Canada,Economy
203,Passenger_203,P10203,USA,VIP
204,Passenger_204,P10204,India,VIP
205,Passenger_205,P10205,UK,Business
206,Passenger_206,P10206,USA,Business
207,Passenger_207,P10207,Canada,Economy
208,Passenger_208,P10208,Singapore,Business
209,Passenger_209,P10209,India,VIP
210,Passenger_210,P10210,UK,Business
211,Passenger_211,P10211,Singapore,VIP
212,Passenger_212,P10212,Germany,Economy
213,Passenger_213,P10213,Germany,VIP
214,Passenger_214,P10214,Germany,Business
215,Passenger_215,P10215,Canada,Economy
216,Passenger_216,P10216,India,Business
217,Passenger_217,P10217,USA,Economy
218,Passenger_218,P10218,Canada,Business
219,Passenger_219,P10219,Singapore,Business
220,Passenger_220,P10220,USA,Business
221,Passenger_221,P10221,India,Economy
222,Passenger_222,P10222,Singapore,Business
223,Passenger_223,P10223,UAE,Economy
224,Passenger_224,P10224,Germany,Economy
225,Passenger_225,P10225,UAE,Business
226,Passenger_226,P10226,Canada,Business
227,Passenger_227,P10227,UK,VIP
228,Passenger_228,P10228,Singapore,Economy
229,Passenger_229,P10229,India,Economy
230,Passenger_230,P10230,UK,VIP
231,Passenger_231,P10231,India,Economy
232,Passenger_232,P10232,Singapore,Business
233,Passenger_233,P10233,Germany,Business
234,Passenger_234,P10234,Germany,Business
235,Passenger_235,P10235,Canada,Economy
236,Passenger_236,P10236,UAE,Business
237,Passenger_237,P10237,USA,Economy
238,Passenger_238,P10238,India,Business
239,Passenger_239,P10239,UK,Business
240,Passenger_240,P10240,USA,Economy
241,Passenger_241,P10241,UK,Economy
242,Passenger_242,P10242,USA,Business
243,Passenger_243,P10243,India,Economy
244,Passenger_244,P10244,Germany,Business
245,Passenger_245,P10245,Canada,Business
246,Passenger_246,P10246,UAE,Business
247,Passenger_247,P10247,UAE,Business
248,Passenger_248,P10248,Canada,VIP
249,Passenger_249,P10249,Germany,Business
250,Passenger_250,P10250,Canada,Economy
251,Passenger_251,P10251,Germany,Business
252,Passenger_252,P10252,India,VIP
253,Passenger_253,P10253,USA,Business
254,Passenger_254,P10254,Singapore,Business
255,Passenger_255,P10255,Germany,Business
256,Passenger_256,P10256,Germany,Economy
257,Passenger_257,P10257,Singapore,Business
258,Passenger_258,P10258,USA,VIP
259,Passenger_259,P10259,Canada,Business
260,Passenger_260,P10260,Canada,Economy
261,Passenger_261,P10261,UAE,VIP
262,Passenger_262,P10262,USA,Economy
263,Passenger_263,P10263,Singapore,Economy
264,Passenger_264,P10264,USA,Economy
265,Passenger_265,P10265,UK,Economy
266,Passenger_266,P10266,Canada,VIP
267,Passenger_267,P10267,UK,Business
268,Passenger_268,P10268,Singapore,Business
269,Passenger_269,P10269,USA,VIP
270,Passenger_270,P10270,UAE,Economy
271,Passenger_271,P10271,India,Economy
272,Passenger_272,P10272,Germany,Business
273,Passenger_273,P10273,Canada,Business
274,Passenger_274,P10274,Singapore,Economy
275,Passenger_275,P10275,Germany,VIP
276,Passenger_276,P10276,Germany,Economy
277,Passenger_277,P10277,India,Economy
278,Passenger_278,P10278,UAE,Economy
279,Passenger_279,P10279,India,VIP
280,Passenger_280,P10280,USA,Economy
281,Passenger_281,P10281,UAE,Business
282,Passenger_282,P10282,UAE,Business
283,Passenger_283,P10283,India,Business
284,Passenger_284,P10284,Canada,VIP
285,Passenger_285,P10285,UK,Economy
286,Passenger_286,P10286,Germany,Business
287,Passenger_287,P10287,USA,Economy
288,Passenger_288,P10288,Singapore,Economy
289,Passenger_289,P10289,India,Business
290,Passenger_290,P10290,UK,Economy
291,Passenger_291,P10291,Germany,Business
292,Passenger_292,P10292,UK,VIP
293,Passenger_293,P10293,Canada,VIP
294,Passenger_294,P10294,UK,Economy
295,Passenger_295,P10295,UK,Business
296,Passenger_296,P10296,Singapore,Economy
297,Passenger_297,P10297,India,VIP
298,Passenger_298,P10298,India,Economy
299,Passenger_299,P10299,UK,Business
300,Passenger_300,P10300,India,Economy
301,Passenger_301,P10301,Singapore,Business
302,Passenger_302,P10302,India,Business
303,Passenger_303,P10303,Singapore,VIP
304,Passenger_304,P10304,Canada,Economy
305,Passenger_305,P10305,Germany,VIP
306,Passenger_306,P10306,UK,Business
307,Passenger_307,P10307,UAE,Economy
308,Passenger_308,P10308,Canada,Economy
309,Passenger_309,P10309,Germany,Economy
310,Passenger_310,P10310,India,Economy
311,Passenger_311,P10311,Germany,Business
312,Passenger_312,P10312,UAE,Business
313,Passenger_313,P10313,India,VIP
314,Passenger_314,P10314,Singapore,VIP
315,Passenger_315,P10315,UK,Economy
316,Passenger_316,P10316,UAE,Business
317,Passenger_317,P10317,Singapore,VIP
318,Passenger_318,P10318,UK,Economy
319,Passenger_319,P10319,Canada,Economy
320,Passenger_320,P10320,Singapore,Business
321,Passenger_321,P10321,Canada,Economy
322,Passenger_322,P10322,UAE,Business
323,Passenger_323,P10323,UK,Business
324,Passenger_324,P10324,USA,Business
325,Passenger_325,P10325,India,VIP
326,Passenger_326,P10326,Canada,VIP
327,Passenger_327,P10327,UAE,Business
328,Passenger_328,P10328,Singapore,Economy
329,Passenger_329,P10329,Canada,VIP
330,Passenger_330,P10330,USA,Business
331,Passenger_331,P10331,UAE,VIP
332,Passenger_332,P10332,Canada,Economy
333,Passenger_333,P10333,Singapore,Economy
334,Passenger_334,P10334,Germany,Business
335,Passenger_335,P10335,Germany,VIP
336,Passenger_336,P10336,Germany,Business
337,Passenger_337,P10337,Canada,VIP
338,Passenger_338,P10338,USA,VIP
339,Passenger_339,P10339,UAE,Economy
340,Passenger_340,P10340,UAE,Business
341,Passenger_341,P10341,UK,Business
342,Passenger_342,P10342,USA,Economy
343,Passenger_343,P10343,India,Business
344,Passenger_344,P10344,Germany,Business
345,Passenger_345,P10345,USA,Business
346,Passenger_346,P10346,USA,Business
347,Passenger_347,P10347,USA,VIP
348,Passenger_348,P10348,Singapore,Business
349,Passenger_349,P10349,UAE,VIP
350,Passenger_350,P10350,UAE,VIP
351,Passenger_351,P10351,Germany,Business
352,Passenger_352,P10352,Singapore,VIP
353,Passenger_353,P10353,Canada,Business
354,Passenger_354,P10354,Singapore,Economy
355,Passenger_355,P10355,UK,VIP
356,Passenger_356,P10356,UAE,VIP
357,Passenger_357,P10357,Germany,VIP
358,Passenger_358,P10358,Singapore,Economy
359,Passenger_359,P10359,India,VIP
360,Passenger_360,P10360,UAE,Business
361,Passenger_361,P10361,UK,Business
362,Passenger_362,P10362,India,VIP
363,Passenger_363,P10363,UK,Business
364,Passenger_364,P10364,UK,VIP
365,Passenger_365,P10365,Singapore,Business
366,Passenger_366,P10366,USA,Business
367,Passenger_367,P10367,India,Business
368,Passenger_368,P10368,Singapore,Economy
369,Passenger_369,P10369,Germany,Economy
370,Passenger_370,P10370,USA,VIP
371,Passenger_371,P10371,Germany,VIP
372,Passenger_372,P10372,UAE,Economy
373,Passenger_373,P10373,Germany,VIP
374,Passenger_374,P10374,Canada,Business
375,Passenger_375,P10375,Germany,VIP
376,Passenger_376,P10376,USA,VIP
377,Passenger_377,P10377,Germany,Business
378,Passenger_378,P10378,UK,Business
379,Passenger_379,P10379,Germany,Business
380,Passenger_380,P10380,Germany,Economy
381,Passenger_381,P10381,Canada,Economy
382,Passenger_382,P10382,USA,VIP
383,Passenger_383,P10383,USA,Business
384,Passenger_384,P10384,USA,Business
385,Passenger_385,P10385,UK,VIP
386,Passenger_386,P10386,Singapore,VIP
387,Passenger_387,P10387,UAE,Business
388,Passenger_388,P10388,UK,Economy
389,Passenger_389,P10389,Germany,Business
390,Passenger_390,P10390,Singapore,VIP
391,Passenger_391,P10391,India,Economy
392,Passenger_392,P10392,India,VIP
393,Passenger_393,P10393,Canada,Economy
394,Passenger_394,P10394,UK,Business
395,Passenger_395,P10395,Canada,VIP
396,Passenger_396,P10396,Germany,Business
397,Passenger_397,P10397,Canada,Economy
398,Passenger_398,P10398,Germany,VIP
399,Passenger_399,P10399,Germany,Business
400,Passenger_400,P10400,UAE,Business
401,Passenger_401,P10401,Singapore,Business
402,Passenger_402,P10402,UK,Business
403,Passenger_403,P10403,USA,Economy
404,Passenger_404,P10404,UAE,Economy
405,Passenger_405,P10405,India,VIP
406,Passenger_406,P10406,Canada,VIP
407,Passenger_407,P10407,India,Business
408,Passenger_408,P10408,UAE,Economy
409,Passenger_409,P10409,India,Economy
410,Passenger_410,P10410,Singapore,VIP
411,Passenger_411,P10411,UK,Economy
412,Passenger_412,P10412,Canada,Economy
413,Passenger_413,P10413,UAE,Business
414,Passenger_414,P10414,India,Economy
415,Passenger_415,P10415,UAE,Economy
416,Passenger_416,P10416,Germany,VIP
417,Passenger_417,P10417,UAE,Economy
418,Passenger_418,P10418,Germany,VIP
419,Passenger_419,P10419,Germany,Economy
420,Passenger_420,P10420,Germany,VIP
421,Passenger_421,P10421,UAE,Economy
422,Passenger_422,P10422,UAE,Business
423,Passenger_423,P10423,Canada,VIP
424,Passenger_424,P10424,Singapore,Business
425,Passenger_425,P10425,Canada,VIP
426,Passenger_426,P10426,UK,Business
427,Passenger_427,P10427,Singapore,Business
428,Passenger_428,P10428,Singapore,VIP
429,Passenger_429,P10429,Germany,VIP
430,Passenger_430,P10430,Germany,Business
431,Passenger_431,P10431,Germany,Business
432,Passenger_432,P10432,Singapore,VIP
433,Passenger_433,P10433,Singapore,Business
434,Passenger_434,P10434,Singapore,Economy
435,Passenger_435,P10435,Canada,VIP
436,Passenger_436,P10436,India,VIP
437,Passenger_437,P10437,UAE,Economy
438,Passenger_438,P10438,Singapore,Business
439,Passenger_439,P10439,Singapore,Economy
440,Passenger_440,P10440,Germany,Economy
441,Passenger_441,P10441,Canada,Economy
442,Passenger_442,P10442,Singapore,Business
443,Passenger_443,P10443,India,VIP
444,Passenger_444,P10444,Singapore,VIP
445,Passenger_445,P10445,USA,Business
446,Passenger_446,P10446,Singapore,Business
447,Passenger_447,P10447,UK,Economy
448,Passenger_448,P10448,Canada,VIP
449,Passenger_449,P10449,UK,Business
450,Passenger_450,P10450,Canada,Economy
451,Passenger_451,P10451,UAE,Economy
452,Passenger_452,P10452,India,Economy
453,Passenger_453,P10453,India,Economy
454,Passenger_454,P10454,USA,Business
455,Passenger_455,P10455,India,Business
456,Passenger_456,P10456,Canada,VIP
457,Passenger_457,P10457,UK,VIP
458,Passenger_458,P10458,Germany,VIP
459,Passenger_459,P10459,UAE,Economy
460,Passenger_460,P10460,UK,VIP
461,Passenger_461,P10461,India,Business
462,Passenger_462,P10462,Singapore,Economy
463,Passenger_463,P10463,UAE,Economy
464,Passenger_464,P10464,Canada,Economy
465,Passenger_465,P10465,Singapore,VIP
466,Passenger_466,P10466,UK,VIP
467,Passenger_467,P10467,India,VIP
468,Passenger_468,P10468,Singapore,Economy
469,Passenger_469,P10469,Singapore,Economy
470,Passenger_470,P10470,Canada,VIP
471,Passenger_471,P10471,Singapore,Business
472,Passenger_472,P10472,Germany,Economy
473,Passenger_473,P10473,UAE,VIP
474,Passenger_474,P10474,Singapore,Economy
475,Passenger_475,P10475,Singapore,Economy
476,Passenger_476,P10476,Singapore,Business
477,Passenger_477,P10477,UAE,Business
478,Passenger_478,P10478,Germany,Economy
479,Passenger_479,P10479,Canada,VIP
480,Passenger_480,P10480,Singapore,Business
481,Passenger_481,P10481,UK,Economy
482,Passenger_482,P10482,USA,VIP
483,Passenger_483,P10483,Singapore,Economy
484,Passenger_484,P10484,Canada,VIP
485,Passenger_485,P10485,Canada,Economy
486,Passenger_486,P10486,Singapore,Business
487,Passenger_487,P10487,Canada,Business
488,Passenger_488,P10488,Singapore,Economy
489,Passenger_489,P10489,UAE,VIP
490,Passenger_490,P10490,Germany,Economy
491,Passenger_491,P10491,Singapore,VIP
492,Passenger_492,P10492,Singapore,Business
493,Passenger_493,P10493,India,Economy
494,Passenger_494,P10494,USA,Business
495,Passenger_495,P10495,UK,VIP
496,Passenger_496,P10496,UK,VIP
497,Passenger_497,P10497,UK,Business
498,Passenger_498,P10498,UAE,Business
499,Passenger_499,P10499,Germany,Economy
500,Passenger_500,P10500,UK,VIP
